"","Variable","Term","Beta","StandardError","Z","P","LRT","Wald","LogRank","HR","HRlower","HRupper","P.adjust","LRT.adjust","Wald.adjust","LogRank.adjust"
"1","gene_1374","gene_1374high",-0.705575152098215,0.351252974737372,-2.00873786941097,0.0445649403596664,0.0588712997805219,0.0445649403596663,0.0403731493350011,0.493824468382789,0.248076445570928,0.983013945609845,0.668474105394996,0.883069496707829,0.668474105394994,0.605597240025017
"2","gene_24954","gene_24954high",0.79769528623182,0.316015812980036,2.52422585664159,0.0115953404629604,0.0114843648697626,0.0115953404629604,0.00970190138904185,2.22041759984376,1.19520255635552,4.12503662369125,0.173930106944406,0.172265473046439,0.173930106944406,0.145528520835628
"3","gene_4627","gene_4627high",0.797772547590013,0.317030935109458,2.51638707533249,0.0118564888202175,0.0101530195461606,0.0118564888202175,0.00982812482412274,2.22058915895064,1.19291910502464,4.13357133109816,0.177847332303262,0.15229529319241,0.177847332303263,0.147421872361841
